0.0	0.14285714285714285	0.0	0.0	0.0	0.0	0.0	0.0	0.0	0.0	0.14285714285714285	0.14285714285714285	0.0	0.2857142857142857	0.0	0.14285714285714285	0.0	0.0	0.0	0.14285714285714285
0.014285714285714285	0.18571428571428572	0.18571428571428572	0.14285714285714285	0.1	0.08571428571428572	0.0	0.02857142857142857	0.0	0.04285714285714286	0.014285714285714285	0.0	0.04285714285714286	0.07142857142857142	0.0	0.04285714285714286	0.0	0.0	0.0	0.04285714285714286
0.08695652173913043	0.2924901185770751	0.18972332015810275	0.04743083003952569	0.043478260869565216	0.06324110671936758	0.03162055335968379	0.02766798418972332	0.03162055335968379	0.03557312252964427	0.007905138339920948	0.007905138339920948	0.03162055335968379	0.003952569169960474	0.023715415019762844	0.007905138339920948	0.015810276679841896	0.023715415019762844	0.003952569169960474	0.023715415019762844
0.04225352112676056	0.07042253521126761	0.11267605633802817	0.18309859154929578	0.04225352112676056	0.08450704225352113	0.028169014084507043	0.056338028169014086	0.0	0.028169014084507043	0.028169014084507043	0.09859154929577464	0.014084507042253521	0.04225352112676056	0.056338028169014086	0.028169014084507043	0.0	0.0	0.056338028169014086	0.028169014084507043
0.06666666666666667	0.044444444444444446	0.06666666666666667	0.08888888888888889	0.06666666666666667	0.08888888888888889	0.044444444444444446	0.044444444444444446	0.044444444444444446	0.044444444444444446	0.06666666666666667	0.0	0.044444444444444446	0.0	0.06666666666666667	0.06666666666666667	0.0	0.15555555555555556	0.0	0.0
0.02702702702702703	0.21621621621621623	0.05405405405405406	0.21621621621621623	0.13513513513513514	0.05405405405405406	0.02702702702702703	0.05405405405405406	0.02702702702702703	0.02702702702702703	0.0	0.0	0.0	0.02702702702702703	0.0	0.02702702702702703	0.08108108108108109	0.0	0.0	0.02702702702702703
0.03529411764705882	0.12941176470588237	0.07058823529411765	0.03529411764705882	0.023529411764705882	0.011764705882352941	0.023529411764705882	0.058823529411764705	0.2	0.07058823529411765	0.047058823529411764	0.07058823529411765	0.023529411764705882	0.047058823529411764	0.07058823529411765	0.011764705882352941	0.011764705882352941	0.047058823529411764	0.011764705882352941	0.0
0.0196078431372549	0.17647058823529413	0.11764705882352941	0.0	0.0196078431372549	0.0196078431372549	0.0196078431372549	0.058823529411764705	0.09803921568627451	0.0	0.09803921568627451	0.0392156862745098	0.09803921568627451	0.0	0.0784313725490196	0.0196078431372549	0.0784313725490196	0.0392156862745098	0.0	0.0196078431372549
0.01636904761904762	0.028273809523809524	0.08333333333333333	0.08779761904761904	0.07291666666666667	0.07291666666666667	0.06547619047619048	0.06101190476190476	0.06101190476190476	0.046130952380952384	0.05803571428571429	0.047619047619047616	0.049107142857142856	0.05654761904761905	0.02976190476190476	0.03125	0.022321428571428572	0.03720238095238095	0.041666666666666664	0.03125
0.0	0.4444444444444444	0.0	0.0	0.0	0.0	0.0	0.1111111111111111	0.1111111111111111	0.0	0.0	0.1111111111111111	0.1111111111111111	0.0	0.0	0.0	0.0	0.0	0.1111111111111111	0.0
0.0	0.01818181818181818	0.01818181818181818	0.09090909090909091	0.03636363636363636	0.09090909090909091	0.07272727272727272	0.07272727272727272	0.0	0.07272727272727272	0.01818181818181818	0.05454545454545454	0.03636363636363636	0.07272727272727272	0.01818181818181818	0.07272727272727272	0.07272727272727272	0.09090909090909091	0.01818181818181818	0.07272727272727272
0.011363636363636364	0.07386363636363637	0.03787878787878788	0.05113636363636364	0.06060606060606061	0.056818181818181816	0.05113636363636364	0.045454545454545456	0.04924242424242424	0.06060606060606061	0.05113636363636364	0.058712121212121215	0.07765151515151515	0.043560606060606064	0.04734848484848485	0.041666666666666664	0.04734848484848485	0.02462121212121212	0.05113636363636364	0.058712121212121215
0.023622047244094488	0.05511811023622047	0.07086614173228346	0.05511811023622047	0.031496062992125984	0.05511811023622047	0.08267716535433071	0.07086614173228346	0.07086614173228346	0.05905511811023622	0.07874015748031496	0.05905511811023622	0.047244094488188976	0.031496062992125984	0.027559055118110236	0.05905511811023622	0.027559055118110236	0.01968503937007874	0.047244094488188976	0.027559055118110236
0.023778071334214	0.14398943196829592	0.06605019815059446	0.05812417437252312	0.06472919418758256	0.05019815059445178	0.03302509907529723	0.047556142668428	0.03302509907529723	0.05416116248348745	0.05416116248348745	0.0607661822985469	0.03963011889035667	0.022457067371202115	0.052840158520475564	0.04227212681638045	0.03038309114927345	0.026420079260237782	0.04227212681638045	0.05416116248348745
0.1518624641833811	0.17478510028653296	0.10315186246418338	0.034383954154727794	0.045845272206303724	0.025787965616045846	0.014326647564469915	0.022922636103151862	0.03151862464183381	0.04871060171919771	0.017191977077363897	0.02865329512893983	0.07736389684813753	0.0057306590257879654	0.02865329512893983	0.06303724928366762	0.03724928366762178	0.0028653295128939827	0.03724928366762178	0.04871060171919771
0.028169014084507043	0.16901408450704225	0.07042253521126761	0.16901408450704225	0.18309859154929578	0.16901408450704225	0.014084507042253521	0.0	0.028169014084507043	0.014084507042253521	0.028169014084507043	0.014084507042253521	0.0	0.0	0.0	0.0	0.0	0.08450704225352113	0.014084507042253521	0.014084507042253521
0.16666666666666666	0.3888888888888889	0.0	0.16666666666666666	0.1111111111111111	0.0	0.05555555555555555	0.05555555555555555	0.0	0.0	0.05555555555555555	0.0	0.0	0.0	0.0	0.0	0.0	0.0	0.0	0.0
0.35	0.1	0.05	0.1	0.05	0.0	0.0	0.0	0.05	0.0	0.0	0.0	0.1	0.05	0.0	0.0	0.05	0.0	0.0	0.1
0.038461538461538464	0.3733031674208145	0.04072398190045249	0.058823529411764705	0.04072398190045249	0.01809954751131222	0.049773755656108594	0.027149321266968326	0.042986425339366516	0.029411764705882353	0.03167420814479638	0.03619909502262444	0.049773755656108594	0.029411764705882353	0.013574660633484163	0.033936651583710405	0.01583710407239819	0.02262443438914027	0.02262443438914027	0.024886877828054297
0.05102040816326531	0.35306122448979593	0.0326530612244898	0.0653061224489796	0.05918367346938776	0.030612244897959183	0.03877551020408163	0.03877551020408163	0.05510204081632653	0.044897959183673466	0.02857142857142857	0.02857142857142857	0.04285714285714286	0.0163265306122449	0.018367346938775512	0.02857142857142857	0.00816326530612245	0.014285714285714285	0.014285714285714285	0.030612244897959183
0.0	0.5	0.0	0.125	0.0	0.0	0.0	0.0	0.0	0.0	0.0	0.0	0.0	0.0	0.0	0.125	0.0	0.0	0.25	0.0
0.051094890510948905	0.11678832116788321	0.12408759124087591	0.05474452554744526	0.10583941605839416	0.040145985401459854	0.07664233576642336	0.010948905109489052	0.040145985401459854	0.010948905109489052	0.04744525547445255	0.06204379562043796	0.029197080291970802	0.029197080291970802	0.032846715328467155	0.032846715328467155	0.021897810218978103	0.0364963503649635	0.032846715328467155	0.043795620437956206
0.0	0.0	0.0	0.0	0.0	0.16666666666666666	0.16666666666666666	0.0	0.0	0.16666666666666666	0.16666666666666666	0.0	0.0	0.0	0.16666666666666666	0.0	0.0	0.0	0.0	0.16666666666666666
0.01440922190201729	0.01729106628242075	0.05763688760806916	0.06051873198847262	0.07204610951008646	0.07204610951008646	0.06051873198847262	0.04899135446685879	0.05475504322766571	0.037463976945244955	0.05187319884726225	0.020172910662824207	0.06051873198847262	0.069164265129683	0.0345821325648415	0.06628242074927954	0.05187319884726225	0.069164265129683	0.040345821325648415	0.040345821325648415
0.12101910828025478	0.06369426751592357	0.01910828025477707	0.08280254777070063	0.03821656050955414	0.05732484076433121	0.06369426751592357	0.025477707006369428	0.07006369426751592	0.025477707006369428	0.025477707006369428	0.05732484076433121	0.012738853503184714	0.01910828025477707	0.03184713375796178	0.044585987261146494	0.025477707006369428	0.006369426751592357	0.07006369426751592	0.14012738853503184
0.010869565217391304	0.11956521739130435	0.06521739130434782	0.043478260869565216	0.07065217391304347	0.07608695652173914	0.059782608695652176	0.07065217391304347	0.043478260869565216	0.016304347826086956	0.059782608695652176	0.043478260869565216	0.04891304347826087	0.10326086956521739	0.021739130434782608	0.02717391304347826	0.02717391304347826	0.005434782608695652	0.059782608695652176	0.02717391304347826
0.02857142857142857	0.02857142857142857	0.0	0.02857142857142857	0.02857142857142857	0.11428571428571428	0.0	0.11428571428571428	0.02857142857142857	0.37142857142857144	0.0	0.05714285714285714	0.0	0.02857142857142857	0.0	0.0	0.02857142857142857	0.0	0.14285714285714285	0.0
0.08955223880597014	0.23880597014925373	0.11940298507462686	0.05970149253731343	0.08955223880597014	0.029850746268656716	0.0	0.014925373134328358	0.04477611940298507	0.014925373134328358	0.0	0.029850746268656716	0.014925373134328358	0.029850746268656716	0.014925373134328358	0.029850746268656716	0.0	0.029850746268656716	0.05970149253731343	0.08955223880597014
0.06504065040650407	0.04065040650406504	0.024390243902439025	0.056910569105691054	0.032520325203252036	0.13008130081300814	0.04065040650406504	0.032520325203252036	0.024390243902439025	0.04065040650406504	0.056910569105691054	0.032520325203252036	0.08943089430894309	0.07317073170731707	0.056910569105691054	0.032520325203252036	0.04065040650406504	0.08943089430894309	0.016260162601626018	0.024390243902439025
0.3333333333333333	0.16666666666666666	0.0	0.0	0.0	0.0	0.0	0.0	0.0	0.0	0.0	0.0	0.0	0.5	0.0	0.0	0.0	0.0	0.0	0.0
0.034482758620689655	0.10344827586206896	0.0	0.0	0.1724137931034483	0.034482758620689655	0.0	0.034482758620689655	0.034482758620689655	0.034482758620689655	0.06896551724137931	0.27586206896551724	0.06896551724137931	0.034482758620689655	0.034482758620689655	0.0	0.0	0.034482758620689655	0.034482758620689655	0.0
0.011194029850746268	0.018034825870646767	0.014925373134328358	0.03544776119402985	0.04975124378109453	0.07524875621890548	0.048507462686567165	0.05286069651741294	0.06778606965174129	0.06529850746268656	0.07587064676616916	0.06218905472636816	0.0640547263681592	0.06218905472636816	0.054104477611940295	0.055970149253731345	0.056592039800995024	0.041666666666666664	0.0472636815920398	0.041044776119402986
0.0	0.07692307692307693	0.0	0.0	0.0	0.0	0.07692307692307693	0.0	0.3076923076923077	0.0	0.0	0.0	0.07692307692307693	0.0	0.15384615384615385	0.3076923076923077	0.0	0.0	0.0	0.0
0.010101010101010102	0.3434343434343434	0.1414141414141414	0.030303030303030304	0.08080808080808081	0.06060606060606061	0.010101010101010102	0.050505050505050504	0.06060606060606061	0.030303030303030304	0.010101010101010102	0.010101010101010102	0.0	0.06060606060606061	0.030303030303030304	0.0	0.020202020202020204	0.010101010101010102	0.030303030303030304	0.010101010101010102
0.15384615384615385	0.3076923076923077	0.15384615384615385	0.0	0.07692307692307693	0.0	0.07692307692307693	0.0	0.15384615384615385	0.07692307692307693	0.0	0.0	0.0	0.0	0.0	0.0	0.0	0.0	0.0	0.0
0.0	0.05405405405405406	0.24324324324324326	0.0	0.02702702702702703	0.02702702702702703	0.0	0.08108108108108109	0.02702702702702703	0.05405405405405406	0.0	0.08108108108108109	0.0	0.08108108108108109	0.08108108108108109	0.02702702702702703	0.02702702702702703	0.02702702702702703	0.16216216216216217	0.0
0.009708737864077669	0.2524271844660194	0.1262135922330097	0.05825242718446602	0.04854368932038835	0.02912621359223301	0.07766990291262135	0.02912621359223301	0.038834951456310676	0.07766990291262135	0.009708737864077669	0.02912621359223301	0.019417475728155338	0.08737864077669903	0.019417475728155338	0.038834951456310676	0.0	0.019417475728155338	0.009708737864077669	0.019417475728155338
0.0	0.21739130434782608	0.0	0.0	0.043478260869565216	0.0	0.13043478260869565	0.0	0.17391304347826086	0.043478260869565216	0.043478260869565216	0.0	0.08695652173913043	0.0	0.0	0.043478260869565216	0.043478260869565216	0.0	0.17391304347826086	0.0
0.07037037037037037	0.29259259259259257	0.05185185185185185	0.044444444444444446	0.05185185185185185	0.06296296296296296	0.025925925925925925	0.044444444444444446	0.07407407407407407	0.022222222222222223	0.022222222222222223	0.025925925925925925	0.011111111111111112	0.03333333333333333	0.022222222222222223	0.02962962962962963	0.025925925925925925	0.025925925925925925	0.003703703703703704	0.05925925925925926
0.0	0.12650602409638553	0.04216867469879518	0.08433734939759036	0.06626506024096386	0.07228915662650602	0.03614457831325301	0.030120481927710843	0.07228915662650602	0.030120481927710843	0.05421686746987952	0.06626506024096386	0.030120481927710843	0.018072289156626505	0.030120481927710843	0.03614457831325301	0.018072289156626505	0.05421686746987952	0.030120481927710843	0.10240963855421686
0.01639344262295082	0.08196721311475409	0.21311475409836064	0.04918032786885246	0.16393442622950818	0.04918032786885246	0.04918032786885246	0.0	0.03278688524590164	0.03278688524590164	0.03278688524590164	0.04918032786885246	0.03278688524590164	0.01639344262295082	0.06557377049180328	0.01639344262295082	0.0	0.0	0.09836065573770492	0.0
0.0	0.38461538461538464	0.07692307692307693	0.0	0.0	0.15384615384615385	0.15384615384615385	0.0	0.0	0.15384615384615385	0.0	0.0	0.0	0.0	0.07692307692307693	0.0	0.0	0.0	0.0	0.0
0.22727272727272727	0.5454545454545454	0.045454545454545456	0.045454545454545456	0.045454545454545456	0.0	0.045454545454545456	0.045454545454545456	0.0	0.0	0.0	0.0	0.0	0.0	0.0	0.0	0.0	0.0	0.0	0.0
0.037463976945244955	0.22478386167146974	0.09510086455331412	0.09221902017291066	0.07492795389048991	0.04610951008645533	0.08645533141210375	0.01729106628242075	0.043227665706051875	0.05475504322766571	0.040345821325648415	0.043227665706051875	0.020172910662824207	0.01729106628242075	0.005763688760806916	0.025936599423631124	0.020172910662824207	0.02881844380403458	0.01729106628242075	0.008645533141210375
0.01929260450160772	0.06752411575562701	0.02572347266881029	0.07395498392282958	0.06430868167202572	0.05787781350482315	0.08681672025723473	0.09967845659163987	0.08681672025723473	0.04501607717041801	0.01929260450160772	0.07395498392282958	0.03215434083601286	0.05144694533762058	0.05466237942122187	0.01929260450160772	0.006430868167202572	0.03536977491961415	0.03536977491961415	0.04501607717041801
0.014705882352941176	0.1323529411764706	0.058823529411764705	0.058823529411764705	0.04411764705882353	0.029411764705882353	0.07352941176470588	0.04411764705882353	0.04411764705882353	0.014705882352941176	0.16176470588235295	0.029411764705882353	0.029411764705882353	0.058823529411764705	0.029411764705882353	0.014705882352941176	0.014705882352941176	0.0	0.08823529411764706	0.058823529411764705
0.0	0.0	0.0	0.058823529411764705	0.17647058823529413	0.23529411764705882	0.0	0.058823529411764705	0.0	0.17647058823529413	0.0	0.11764705882352941	0.0	0.058823529411764705	0.058823529411764705	0.0	0.058823529411764705	0.0	0.0	0.0
0.07692307692307693	0.38461538461538464	0.0	0.0	0.07692307692307693	0.0	0.0	0.038461538461538464	0.0	0.038461538461538464	0.0	0.038461538461538464	0.038461538461538464	0.0	0.0	0.07692307692307693	0.0	0.19230769230769232	0.0	0.038461538461538464
0.030303030303030304	0.08080808080808081	0.050505050505050504	0.1111111111111111	0.010101010101010102	0.08080808080808081	0.06060606060606061	0.050505050505050504	0.050505050505050504	0.08080808080808081	0.0	0.020202020202020204	0.06060606060606061	0.04040404040404041	0.020202020202020204	0.04040404040404041	0.030303030303030304	0.15151515151515152	0.020202020202020204	0.010101010101010102
0.0	0.16	0.16	0.06	0.04	0.02	0.02	0.1	0.06	0.02	0.06	0.08	0.04	0.0	0.0	0.02	0.1	0.04	0.02	0.0
0.06896551724137931	0.0603448275862069	0.05172413793103448	0.0603448275862069	0.08620689655172414	0.05172413793103448	0.02586206896551724	0.034482758620689655	0.12931034482758622	0.11206896551724138	0.034482758620689655	0.034482758620689655	0.034482758620689655	0.06896551724137931	0.0603448275862069	0.017241379310344827	0.008620689655172414	0.02586206896551724	0.02586206896551724	0.008620689655172414
0.0	0.4	0.15384615384615385	0.03076923076923077	0.0	0.0	0.046153846153846156	0.0	0.015384615384615385	0.015384615384615385	0.0	0.03076923076923077	0.0	0.046153846153846156	0.13846153846153847	0.03076923076923077	0.046153846153846156	0.0	0.03076923076923077	0.015384615384615385
0.019230769230769232	0.1346153846153846	0.21153846153846154	0.038461538461538464	0.019230769230769232	0.09615384615384616	0.019230769230769232	0.0	0.09615384615384616	0.038461538461538464	0.057692307692307696	0.07692307692307693	0.0	0.019230769230769232	0.0	0.057692307692307696	0.057692307692307696	0.019230769230769232	0.0	0.038461538461538464
0.0	0.16666666666666666	0.0	0.0	0.16666666666666666	0.0	0.0	0.3333333333333333	0.0	0.16666666666666666	0.0	0.0	0.16666666666666666	0.0	0.0	0.0	0.0	0.0	0.0	0.0
0.16666666666666666	0.1111111111111111	0.05555555555555555	0.0	0.05555555555555555	0.1111111111111111	0.05555555555555555	0.05555555555555555	0.05555555555555555	0.05555555555555555	0.0	0.0	0.0	0.05555555555555555	0.0	0.16666666666666666	0.0	0.05555555555555555	0.0	0.0
0.021739130434782608	0.06521739130434782	0.0	0.0	0.06521739130434782	0.0	0.043478260869565216	0.13043478260869565	0.06521739130434782	0.08695652173913043	0.043478260869565216	0.021739130434782608	0.021739130434782608	0.043478260869565216	0.0	0.15217391304347827	0.17391304347826086	0.0	0.043478260869565216	0.021739130434782608
0.07142857142857142	0.6190476190476191	0.03571428571428571	0.05952380952380952	0.011904761904761904	0.0	0.047619047619047616	0.023809523809523808	0.023809523809523808	0.03571428571428571	0.047619047619047616	0.0	0.011904761904761904	0.011904761904761904	0.0	0.0	0.0	0.0	0.0	0.0
0.0	0.15789473684210525	0.05263157894736842	0.0	0.0	0.05263157894736842	0.0	0.05263157894736842	0.0	0.10526315789473684	0.42105263157894735	0.0	0.05263157894736842	0.0	0.0	0.0	0.0	0.10526315789473684	0.0	0.0
0.1111111111111111	0.5	0.05555555555555555	0.2222222222222222	0.0	0.0	0.0	0.0	0.0	0.05555555555555555	0.0	0.05555555555555555	0.0	0.0	0.0	0.0	0.0	0.0	0.0	0.0
0.0	0.1951219512195122	0.0975609756097561	0.04878048780487805	0.0975609756097561	0.024390243902439025	0.12195121951219512	0.024390243902439025	0.024390243902439025	0.12195121951219512	0.024390243902439025	0.0	0.04878048780487805	0.024390243902439025	0.0	0.024390243902439025	0.024390243902439025	0.0	0.0975609756097561	0.0
0.0	0.42424242424242425	0.12121212121212122	0.06060606060606061	0.030303030303030304	0.0	0.0	0.0	0.0	0.09090909090909091	0.18181818181818182	0.0	0.030303030303030304	0.0	0.0	0.030303030303030304	0.0	0.0	0.0	0.030303030303030304
0.32	0.2	0.2	0.0	0.0	0.04	0.04	0.04	0.0	0.04	0.0	0.0	0.0	0.0	0.0	0.04	0.0	0.08	0.0	0.0
0.0	0.0	0.045454545454545456	0.13636363636363635	0.09090909090909091	0.0	0.045454545454545456	0.13636363636363635	0.13636363636363635	0.045454545454545456	0.0	0.045454545454545456	0.09090909090909091	0.0	0.09090909090909091	0.045454545454545456	0.09090909090909091	0.0	0.0	0.0
0.0	0.09523809523809523	0.09523809523809523	0.047619047619047616	0.14285714285714285	0.0	0.14285714285714285	0.0	0.047619047619047616	0.19047619047619047	0.0	0.0	0.0	0.0	0.14285714285714285	0.047619047619047616	0.0	0.047619047619047616	0.0	0.0
0.06349206349206349	0.25396825396825395	0.06349206349206349	0.031746031746031744	0.031746031746031744	0.031746031746031744	0.06349206349206349	0.031746031746031744	0.015873015873015872	0.0	0.031746031746031744	0.031746031746031744	0.0	0.047619047619047616	0.047619047619047616	0.07936507936507936	0.07936507936507936	0.015873015873015872	0.06349206349206349	0.015873015873015872
0.038834951456310676	0.22330097087378642	0.05825242718446602	0.06796116504854369	0.0	0.009708737864077669	0.04854368932038835	0.019417475728155338	0.05825242718446602	0.038834951456310676	0.019417475728155338	0.05825242718446602	0.019417475728155338	0.019417475728155338	0.02912621359223301	0.009708737864077669	0.009708737864077669	0.02912621359223301	0.1553398058252427	0.08737864077669903
0.017759562841530054	0.21311475409836064	0.07923497267759563	0.06557377049180328	0.07377049180327869	0.06284153005464481	0.06557377049180328	0.05327868852459016	0.03961748633879782	0.04644808743169399	0.04918032786885246	0.020491803278688523	0.036885245901639344	0.03278688524590164	0.023224043715846996	0.04644808743169399	0.01912568306010929	0.02185792349726776	0.01366120218579235	0.01912568306010929
0.125	0.0	0.0	0.0	0.25	0.125	0.125	0.0	0.0	0.125	0.0	0.0	0.0	0.0	0.125	0.0	0.0	0.0	0.125	0.0
0.012048192771084338	0.024096385542168676	0.13855421686746988	0.04216867469879518	0.10240963855421686	0.10240963855421686	0.04216867469879518	0.03614457831325301	0.09036144578313253	0.07228915662650602	0.060240963855421686	0.03614457831325301	0.04216867469879518	0.012048192771084338	0.04819277108433735	0.018072289156626505	0.03614457831325301	0.04819277108433735	0.012048192771084338	0.024096385542168676
0.058823529411764705	0.20915032679738563	0.10457516339869281	0.032679738562091505	0.0457516339869281	0.058823529411764705	0.0718954248366013	0.08496732026143791	0.0915032679738562	0.006535947712418301	0.0392156862745098	0.026143790849673203	0.026143790849673203	0.0196078431372549	0.026143790849673203	0.013071895424836602	0.05228758169934641	0.0	0.013071895424836602	0.0196078431372549
0.0	0.19230769230769232	0.19230769230769232	0.11538461538461539	0.11538461538461539	0.038461538461538464	0.0	0.0	0.038461538461538464	0.038461538461538464	0.07692307692307693	0.15384615384615385	0.0	0.0	0.038461538461538464	0.0	0.0	0.0	0.0	0.0
0.047619047619047616	0.5238095238095238	0.14285714285714285	0.23809523809523808	0.0	0.0	0.0	0.0	0.0	0.0	0.0	0.0	0.0	0.047619047619047616	0.0	0.0	0.0	0.0	0.0	0.0
0.0	0.0	0.0	0.75	0.0	0.0	0.0	0.0	0.0	0.0	0.0	0.0	0.0	0.0	0.0	0.0	0.25	0.0	0.0	0.0
0.0	0.28	0.04	0.04	0.08	0.16	0.04	0.0	0.0	0.04	0.16	0.08	0.0	0.0	0.0	0.04	0.04	0.0	0.0	0.0
0.15555555555555556	0.35555555555555557	0.2222222222222222	0.0	0.022222222222222223	0.0	0.0	0.0	0.0	0.06666666666666667	0.044444444444444446	0.044444444444444446	0.0	0.0	0.022222222222222223	0.022222222222222223	0.022222222222222223	0.022222222222222223	0.0	0.0
0.010135135135135136	0.6554054054054054	0.12837837837837837	0.02027027027027027	0.013513513513513514	0.037162162162162164	0.016891891891891893	0.0033783783783783786	0.0033783783783783786	0.010135135135135136	0.006756756756756757	0.0033783783783783786	0.006756756756756757	0.016891891891891893	0.010135135135135136	0.0033783783783783786	0.006756756756756757	0.016891891891891893	0.02027027027027027	0.010135135135135136
0.03418803418803419	0.3504273504273504	0.07407407407407407	0.06837606837606838	0.039886039886039885	0.03418803418803419	0.02849002849002849	0.05128205128205128	0.05128205128205128	0.02849002849002849	0.03418803418803419	0.017094017094017096	0.019943019943019943	0.02849002849002849	0.022792022792022793	0.03133903133903134	0.011396011396011397	0.019943019943019943	0.02564102564102564	0.02849002849002849
0.04477611940298507	0.26865671641791045	0.08955223880597014	0.08955223880597014	0.029850746268656716	0.1044776119402985	0.04477611940298507	0.04477611940298507	0.0	0.05970149253731343	0.0	0.04477611940298507	0.014925373134328358	0.04477611940298507	0.04477611940298507	0.05970149253731343	0.014925373134328358	0.0	0.0	0.0
0.0	0.35714285714285715	0.0	0.14285714285714285	0.0	0.0	0.07142857142857142	0.07142857142857142	0.0	0.0	0.14285714285714285	0.0	0.0	0.0	0.0	0.0	0.14285714285714285	0.0	0.07142857142857142	0.0
0.007897334649555774	0.08390918065153011	0.034550839091806514	0.04146100691016782	0.040473840078973346	0.050345508390918066	0.06811451135241856	0.08390918065153011	0.0562685093780849	0.059230009871668314	0.05133267522211254	0.06811451135241856	0.05133267522211254	0.05330700888450148	0.05330700888450148	0.04639684106614018	0.024679170779861797	0.04639684106614018	0.039486673247778874	0.039486673247778874
0.06097560975609756	0.012195121951219513	0.07317073170731707	0.0975609756097561	0.06097560975609756	0.024390243902439025	0.0975609756097561	0.12195121951219512	0.04878048780487805	0.036585365853658534	0.024390243902439025	0.036585365853658534	0.04878048780487805	0.036585365853658534	0.12195121951219512	0.024390243902439025	0.0	0.0	0.07317073170731707	0.0
0.0	0.16666666666666666	0.041666666666666664	0.041666666666666664	0.125	0.041666666666666664	0.041666666666666664	0.125	0.08333333333333333	0.0	0.041666666666666664	0.041666666666666664	0.0	0.0	0.041666666666666664	0.0	0.16666666666666666	0.0	0.0	0.041666666666666664
0.018229166666666668	0.3151041666666667	0.125	0.078125	0.052083333333333336	0.033854166666666664	0.0546875	0.057291666666666664	0.026041666666666668	0.028645833333333332	0.026041666666666668	0.033854166666666664	0.028645833333333332	0.0234375	0.015625	0.013020833333333334	0.005208333333333333	0.0234375	0.015625	0.026041666666666668
0.0	0.043478260869565216	0.0	0.043478260869565216	0.0	0.0	0.0	0.0	0.043478260869565216	0.0	0.043478260869565216	0.4782608695652174	0.34782608695652173	0.0	0.0	0.0	0.0	0.0	0.0	0.0
0.010146955913226032	0.053533939818054585	0.042687193841847444	0.07102869139258222	0.08082575227431771	0.06927921623512946	0.06892932120363891	0.05878236529041288	0.06787963610916725	0.0556333100069979	0.05703289013296011	0.043736878936319105	0.04023792862141357	0.0496850944716585	0.04163750874737579	0.04828551434569629	0.030090972708187544	0.03813855843247026	0.03883834849545136	0.03358992302309307
0.01694915254237288	0.1864406779661017	0.0847457627118644	0.11016949152542373	0.0423728813559322	0.059322033898305086	0.0423728813559322	0.11016949152542373	0.05084745762711865	0.00847457627118644	0.059322033898305086	0.03389830508474576	0.025423728813559324	0.025423728813559324	0.0	0.0	0.0847457627118644	0.00847457627118644	0.0423728813559322	0.00847457627118644
0.0	0.0	0.35714285714285715	0.0	0.14285714285714285	0.0	0.07142857142857142	0.0	0.0	0.0	0.0	0.07142857142857142	0.0	0.14285714285714285	0.0	0.07142857142857142	0.14285714285714285	0.0	0.0	0.0
0.03728191000918274	0.03415977961432507	0.0527089072543618	0.05509641873278237	0.0707070707070707	0.06464646464646465	0.06134067952249771	0.06042240587695133	0.052157943067033974	0.06501377410468319	0.048852157943067034	0.051423324150596875	0.049586776859504134	0.048117539026629935	0.04315886134067952	0.045546372819100095	0.0310376492194674	0.0433425160697888	0.044811753902662996	0.04058769513314968
0.05343511450381679	0.4351145038167939	0.13740458015267176	0.07633587786259542	0.007633587786259542	0.030534351145038167	0.015267175572519083	0.04580152671755725	0.022900763358778626	0.007633587786259542	0.0	0.05343511450381679	0.007633587786259542	0.0	0.0	0.007633587786259542	0.015267175572519083	0.015267175572519083	0.015267175572519083	0.05343511450381679
0.0	0.029411764705882353	0.058823529411764705	0.11764705882352941	0.0	0.08823529411764706	0.11764705882352941	0.0	0.08823529411764706	0.08823529411764706	0.029411764705882353	0.17647058823529413	0.029411764705882353	0.0	0.0	0.08823529411764706	0.0	0.029411764705882353	0.058823529411764705	0.0
0.0	0.21818181818181817	0.03636363636363636	0.01818181818181818	0.05454545454545454	0.0	0.01818181818181818	0.0	0.0	0.14545454545454545	0.03636363636363636	0.16363636363636364	0.10909090909090909	0.01818181818181818	0.03636363636363636	0.0	0.09090909090909091	0.0	0.05454545454545454	0.0
0.05128205128205128	0.05128205128205128	0.02564102564102564	0.05128205128205128	0.20512820512820512	0.02564102564102564	0.05128205128205128	0.0	0.07692307692307693	0.05128205128205128	0.10256410256410256	0.1282051282051282	0.0	0.02564102564102564	0.05128205128205128	0.07692307692307693	0.02564102564102564	0.0	0.0	0.0
0.0	0.05263157894736842	0.05263157894736842	0.12280701754385964	0.017543859649122806	0.07017543859649122	0.017543859649122806	0.017543859649122806	0.14035087719298245	0.05263157894736842	0.08771929824561403	0.017543859649122806	0.07017543859649122	0.12280701754385964	0.03508771929824561	0.03508771929824561	0.017543859649122806	0.03508771929824561	0.0	0.03508771929824561
0.038461538461538464	0.3076923076923077	0.15384615384615385	0.038461538461538464	0.038461538461538464	0.0	0.07692307692307693	0.0	0.038461538461538464	0.038461538461538464	0.0	0.11538461538461539	0.038461538461538464	0.11538461538461539	0.0	0.0	0.0	0.0	0.0	0.0
0.052884615384615384	0.47596153846153844	0.038461538461538464	0.038461538461538464	0.0625	0.052884615384615384	0.014423076923076924	0.038461538461538464	0.019230769230769232	0.014423076923076924	0.04807692307692308	0.02403846153846154	0.02403846153846154	0.02403846153846154	0.019230769230769232	0.014423076923076924	0.009615384615384616	0.014423076923076924	0.014423076923076924	0.0
0.11428571428571428	0.1523809523809524	0.0380952380952381	0.05714285714285714	0.10476190476190476	0.08571428571428572	0.0380952380952381	0.01904761904761905	0.01904761904761905	0.0	0.06666666666666667	0.047619047619047616	0.0380952380952381	0.0380952380952381	0.09523809523809523	0.0	0.047619047619047616	0.0	0.0	0.0380952380952381
0.0	0.46153846153846156	0.07692307692307693	0.11538461538461539	0.038461538461538464	0.0	0.038461538461538464	0.038461538461538464	0.0	0.038461538461538464	0.0	0.0	0.0	0.07692307692307693	0.038461538461538464	0.038461538461538464	0.0	0.0	0.0	0.038461538461538464
0.016129032258064516	0.6129032258064516	0.12903225806451613	0.03225806451612903	0.016129032258064516	0.0	0.016129032258064516	0.016129032258064516	0.0	0.016129032258064516	0.04838709677419355	0.016129032258064516	0.0	0.04838709677419355	0.03225806451612903	0.0	0.0	0.0	0.0	0.0
0.0	0.21428571428571427	0.14285714285714285	0.0	0.0	0.0	0.0	0.21428571428571427	0.0	0.07142857142857142	0.21428571428571427	0.0	0.14285714285714285	0.0	0.0	0.0	0.0	0.0	0.0	0.0
0.1276595744680851	0.425531914893617	0.02127659574468085	0.1702127659574468	0.0	0.02127659574468085	0.0425531914893617	0.0	0.0	0.0851063829787234	0.0425531914893617	0.0	0.0	0.0	0.0	0.0425531914893617	0.0	0.02127659574468085	0.0	0.0
0.13636363636363635	0.13636363636363635	0.18181818181818182	0.09090909090909091	0.022727272727272728	0.045454545454545456	0.022727272727272728	0.045454545454545456	0.11363636363636363	0.022727272727272728	0.0	0.09090909090909091	0.0	0.022727272727272728	0.0	0.0	0.022727272727272728	0.0	0.045454545454545456	0.0
0.06274509803921569	0.01568627450980392	0.043137254901960784	0.08235294117647059	0.07450980392156863	0.06666666666666667	0.058823529411764705	0.058823529411764705	0.050980392156862744	0.06666666666666667	0.03529411764705882	0.06666666666666667	0.0392156862745098	0.06274509803921569	0.0392156862745098	0.01568627450980392	0.058823529411764705	0.050980392156862744	0.023529411764705882	0.027450980392156862
0.0	0.19047619047619047	0.09523809523809523	0.2857142857142857	0.047619047619047616	0.14285714285714285	0.0	0.0	0.0	0.0	0.047619047619047616	0.047619047619047616	0.0	0.0	0.09523809523809523	0.0	0.0	0.047619047619047616	0.0	0.0
0.05333333333333334	0.29333333333333333	0.04	0.06666666666666667	0.013333333333333334	0.09333333333333334	0.05333333333333334	0.02666666666666667	0.013333333333333334	0.02666666666666667	0.06666666666666667	0.013333333333333334	0.013333333333333334	0.12	0.013333333333333334	0.0	0.0	0.08	0.0	0.013333333333333334
0.26666666666666666	0.06666666666666667	0.06666666666666667	0.06666666666666667	0.0	0.0	0.13333333333333333	0.0	0.0	0.0	0.0	0.0	0.06666666666666667	0.06666666666666667	0.0	0.06666666666666667	0.2	0.0	0.0	0.0
0.0	0.03333333333333333	0.03333333333333333	0.03333333333333333	0.03333333333333333	0.23333333333333334	0.06666666666666667	0.03333333333333333	0.03333333333333333	0.06666666666666667	0.03333333333333333	0.03333333333333333	0.03333333333333333	0.03333333333333333	0.0	0.1	0.0	0.1	0.06666666666666667	0.03333333333333333
0.01951219512195122	0.03902439024390244	0.02926829268292683	0.04390243902439024	0.11219512195121951	0.02926829268292683	0.07317073170731707	0.09268292682926829	0.05365853658536585	0.04390243902439024	0.04878048780487805	0.08292682926829269	0.014634146341463415	0.07804878048780488	0.04878048780487805	0.04390243902439024	0.04878048780487805	0.01951219512195122	0.03902439024390244	0.03902439024390244
0.0	0.0	0.03333333333333333	0.1	0.06666666666666667	0.0	0.06666666666666667	0.03333333333333333	0.03333333333333333	0.03333333333333333	0.06666666666666667	0.03333333333333333	0.03333333333333333	0.06666666666666667	0.03333333333333333	0.06666666666666667	0.16666666666666666	0.0	0.0	0.16666666666666666
0.0	0.25925925925925924	0.14814814814814814	0.18518518518518517	0.0	0.07407407407407407	0.0	0.0	0.07407407407407407	0.0	0.0	0.037037037037037035	0.07407407407407407	0.0	0.037037037037037035	0.037037037037037035	0.07407407407407407	0.0	0.0	0.0
0.015625	0.140625	0.09375	0.234375	0.09375	0.09375	0.015625	0.03125	0.0625	0.0625	0.015625	0.015625	0.0625	0.0	0.015625	0.0	0.015625	0.03125	0.0	0.0
0.0	0.08928571428571429	0.017857142857142856	0.07142857142857142	0.07142857142857142	0.03571428571428571	0.08928571428571429	0.05357142857142857	0.05357142857142857	0.10714285714285714	0.017857142857142856	0.0	0.07142857142857142	0.05357142857142857	0.017857142857142856	0.0	0.10714285714285714	0.03571428571428571	0.017857142857142856	0.08928571428571429
0.0	0.2	0.13333333333333333	0.0	0.0	0.26666666666666666	0.06666666666666667	0.06666666666666667	0.0	0.0	0.0	0.06666666666666667	0.06666666666666667	0.06666666666666667	0.0	0.0	0.0	0.0	0.0	0.06666666666666667
0.0	0.0	0.2222222222222222	0.16666666666666666	0.1111111111111111	0.0	0.05555555555555555	0.05555555555555555	0.16666666666666666	0.0	0.0	0.0	0.0	0.0	0.05555555555555555	0.05555555555555555	0.0	0.05555555555555555	0.05555555555555555	0.0
0.0	0.1	0.3	0.0	0.025	0.025	0.075	0.025	0.025	0.05	0.05	0.125	0.075	0.025	0.0	0.0	0.025	0.0	0.05	0.025
0.047619047619047616	0.2857142857142857	0.0	0.0	0.0	0.0	0.2857142857142857	0.0	0.047619047619047616	0.0	0.0	0.0	0.0	0.0	0.0	0.0	0.047619047619047616	0.14285714285714285	0.0	0.14285714285714285
0.016666666666666666	0.016666666666666666	0.05	0.06666666666666667	0.05	0.03333333333333333	0.03333333333333333	0.016666666666666666	0.03333333333333333	0.03333333333333333	0.11666666666666667	0.03333333333333333	0.15	0.05	0.05	0.08333333333333333	0.0	0.0	0.08333333333333333	0.08333333333333333
0.0	0.15025906735751296	0.08290155440414508	0.031088082901554404	0.11917098445595854	0.08808290155440414	0.031088082901554404	0.11917098445595854	0.025906735751295335	0.031088082901554404	0.015544041450777202	0.05181347150259067	0.02072538860103627	0.03626943005181347	0.03626943005181347	0.010362694300518135	0.03626943005181347	0.02072538860103627	0.05699481865284974	0.03626943005181347
0.034482758620689655	0.10344827586206896	0.05172413793103448	0.08620689655172414	0.08620689655172414	0.1206896551724138	0.034482758620689655	0.10344827586206896	0.017241379310344827	0.06896551724137931	0.06896551724137931	0.034482758620689655	0.017241379310344827	0.0	0.017241379310344827	0.05172413793103448	0.0	0.05172413793103448	0.05172413793103448	0.0
0.04046242774566474	0.09248554913294797	0.07514450867052024	0.04046242774566474	0.08670520231213873	0.03468208092485549	0.08670520231213873	0.04046242774566474	0.08670520231213873	0.05202312138728324	0.028901734104046242	0.03468208092485549	0.046242774566473986	0.0	0.06936416184971098	0.046242774566473986	0.06358381502890173	0.05202312138728324	0.011560693641618497	0.011560693641618497
0.07692307692307693	0.07692307692307693	0.0	0.38461538461538464	0.0	0.0	0.0	0.15384615384615385	0.0	0.0	0.07692307692307693	0.15384615384615385	0.0	0.0	0.0	0.0	0.0	0.0	0.0	0.07692307692307693
0.026499302649930265	0.07112970711297072	0.06276150627615062	0.08507670850767085	0.06415620641562064	0.061366806136680614	0.06276150627615062	0.05299860529986053	0.03905160390516039	0.044630404463040445	0.05718270571827057	0.023709902370990237	0.023709902370990237	0.06555090655509066	0.044630404463040445	0.04184100418410042	0.04602510460251046	0.04184100418410042	0.043235704323570434	0.04184100418410042
0.13257575757575757	0.20833333333333334	0.10606060606060606	0.10227272727272728	0.08333333333333333	0.07575757575757576	0.022727272727272728	0.08333333333333333	0.022727272727272728	0.022727272727272728	0.007575757575757576	0.01893939393939394	0.007575757575757576	0.015151515151515152	0.01893939393939394	0.041666666666666664	0.015151515151515152	0.003787878787878788	0.007575757575757576	0.003787878787878788
0.0	0.0	0.2857142857142857	0.0	0.21428571428571427	0.0	0.2857142857142857	0.0	0.0	0.0	0.0	0.0	0.0	0.0	0.07142857142857142	0.14285714285714285	0.0	0.0	0.0	0.0
0.24539877300613497	0.48466257668711654	0.05521472392638037	0.0	0.0	0.049079754601226995	0.04294478527607362	0.0	0.012269938650306749	0.006134969325153374	0.018404907975460124	0.018404907975460124	0.0	0.018404907975460124	0.012269938650306749	0.006134969325153374	0.0	0.018404907975460124	0.006134969325153374	0.006134969325153374
0.02702702702702703	0.16216216216216217	0.02702702702702703	0.02702702702702703	0.0	0.10810810810810811	0.16216216216216217	0.02702702702702703	0.05405405405405406	0.05405405405405406	0.02702702702702703	0.02702702702702703	0.0	0.02702702702702703	0.02702702702702703	0.10810810810810811	0.02702702702702703	0.0	0.10810810810810811	0.0
0.04081632653061224	0.10204081632653061	0.04081632653061224	0.02040816326530612	0.04081632653061224	0.061224489795918366	0.04081632653061224	0.10204081632653061	0.08163265306122448	0.04081632653061224	0.0	0.0	0.08163265306122448	0.0	0.0	0.04081632653061224	0.04081632653061224	0.02040816326530612	0.16326530612244897	0.08163265306122448
